{"custom_mean":0.021280750000000005,"custom_std":0.06697382629696554,"fft_std":2.5722787130825806e-5,"fft_mean":0.00010188000000000001,"sizes":10}