{"custom_mean":0.0077045,"custom_std":0.024202773963650438,"fft_std":2.3148844463601205e-5,"fft_mean":6.807e-5,"sizes":10}