{"custom_mean":0.20804213000000002,"custom_std":0.008531085914602736,"fft_std":0.0001497063529417209,"fft_mean":0.0006072100000000001,"sizes":160}