{"custom_mean":0.38842523,"custom_std":0.09544239681460052,"fft_std":0.0021394735246472825,"fft_mean":0.0021222399999999996,"sizes":160}