{"custom_mean":0.0006263999999999999,"custom_std":9.798270822502872e-5,"fft_std":2.7393300072990277e-5,"fft_mean":0.00011742,"sizes":20}