{"custom_mean":0.00039878000000000005,"custom_std":2.8525808976745556e-5,"fft_std":1.3460811433358854e-5,"fft_mean":6.193e-5,"sizes":20}