{"custom_mean":2.78919317,"custom_std":0.4166488442683066,"fft_std":0.0009619453697239428,"fft_mean":0.00296879,"sizes":320}