{"custom_mean":1.54351959,"custom_std":0.038872631295851626,"fft_std":0.00042452377357850453,"fft_mean":0.00175821,"sizes":320}