{"custom_mean":0.00301586,"custom_std":0.00038627333212520784,"fft_std":0.00012611993586353516,"fft_mean":0.00022596,"sizes":40}