{"custom_mean":0.006937469999999999,"custom_std":0.0016027211263972283,"fft_std":0.00024143790759162536,"fft_mean":0.0004435100000000001,"sizes":40}