{"custom_mean":12.360363060000001,"custom_std":0.2613088775171262,"fft_std":0.0005215329439897991,"fft_mean":0.00701735,"sizes":640}