{"custom_mean":18.8135009,"custom_std":0.6454842993893448,"fft_std":0.003903777201065086,"fft_mean":0.011492699999999998,"sizes":640}