{"custom_mean":0.06371691,"custom_std":0.02937693965255552,"fft_std":0.0001023774693095225,"fft_mean":0.00047161999999999996,"sizes":80}