{"custom_mean":0.02353303,"custom_std":0.0027723037391911686,"fft_std":9.403693187017299e-5,"fft_mean":0.00027313,"sizes":80}